City,Temperature,Condition
Accra,77 °F,Passing clouds. Warm.
Addis Ababa,57 °F,Partly sunny. Cool.
Adelaide,66 °F,Refreshingly cool.
Algiers,86 °F,Passing clouds. Warm.
Almaty,82 °F,Partly sunny. Pleasantly warm.
Amman,68 °F,Haze. Mild.
Amsterdam*,66 °F,Passing clouds. Mild.
Anadyr,58 °F,Passing clouds. Refreshingly cool.
Anchorage*,55 °F,Overcast. Cool.
Ankara,64 °F,Scattered clouds. Mild.
Antananarivo,61 °F,Passing clouds. Cool.
Asuncion,59 °F,Clear. Cool.
Athens*,75 °F,Mild.
Atlanta*,66 °F,Overcast. Mild.
Auckland,59 °F,Passing clouds. Refreshingly cool.
Bangkok,84 °F,Rain. Scattered clouds. Warm.
Barcelona*,77 °F,Light rain. Partly cloudy. Warm.
Beijing,82 °F,Sunny. Pleasantly warm.
Beirut*,82 °F,Scattered clouds. Warm.
Belgrade*,66 °F,Passing clouds. Mild.
Bengaluru,79 °F,Scattered clouds. Warm.
Berlin*,54 °F,Sunny. Cool.
Bogota,50 °F,Passing clouds. Cool.
Boston*,62 °F,Passing clouds. Cool.
Brasilia,68 °F,Clear. Mild.
Brisbane,72 °F,Mild.
Brussels*,66 °F,Scattered clouds. Mild.
Bucharest*,61 °F,Sunny. Cool.
Budapest*,63 °F,Sunny. Mild.
Buenos Aires,57 °F,Clear. Cool.
Cairo*,75 °F,Scattered clouds. Mild.
Calgary*,68 °F,Mostly cloudy. Mild.
Canberra,70 °F,Passing clouds. Mild.
Cape Town,50 °F,Sunny. Cool.
Caracas,77 °F,Passing clouds. Warm.
Casablanca*,72 °F,Mild.
Chicago*,58 °F,Passing clouds. Refreshingly cool.
Copenhagen*,61 °F,Clear. Cool.
Dallas*,71 °F,Passing clouds. Mild.
Dar es Salaam,72 °F,Passing clouds. Mild.
Darwin,91 °F,Sunny. Hot.
Denver*,65 °F,Passing clouds. Mild.
Detroit*,54 °F,Clear. Cool.
Dhaka,84 °F,Low clouds. Warm.
Doha,100 °F,Passing clouds. Extremely hot.
Dubai,93 °F,Clear. Extremely hot.
Dublin*,50 °F,Passing clouds. Cool.
